{
  "accuracy": {
    "originals": 0.9597989949748744,
    "edits": 0.9095477386934674,
    "delta_edits_minus_originals": -0.05025125628140703
  },
  "precision": {
    "originals": 0.9387755102040817,
    "edits": 0.8584905660377359,
    "delta_edits_minus_originals": -0.0802849441663458
  },
  "recall": {
    "originals": 0.9787234042553191,
    "edits": 0.9680851063829787,
    "delta_edits_minus_originals": -0.010638297872340385
  },
  "f1": {
    "originals": 0.9583333333333334,
    "edits": 0.91,
    "delta_edits_minus_originals": -0.04833333333333334
  },
  "ece": {
    "originals": 0.034673366834170855,
    "edits": 0.07336683417085427,
    "delta_edits_minus_originals": 0.03869346733668341
  },
  "brier": {
    "originals": 0.03090452261306533,
    "edits": 0.07859296482412059,
    "delta_edits_minus_originals": 0.04768844221105526
  },
  "accuracy_per_1k_tokens": {
    "originals": 0.02327970591027855,
    "edits": 0.02183211489626911,
    "delta_edits_minus_originals": -0.001447591014009441
  },
  "n_originals": 200,
  "n_edits": 200,
  "valid_rows_originals": 199,
  "valid_rows_edits": 199
}