{
  "accuracy": {
    "originals": 0.97,
    "edits": 0.87,
    "delta_edits_minus_originals": -0.09999999999999998
  },
  "precision": {
    "originals": 0.9607843137254902,
    "edits": 0.8363636363636363,
    "delta_edits_minus_originals": -0.12442067736185392
  },
  "recall": {
    "originals": 0.98,
    "edits": 0.92,
    "delta_edits_minus_originals": -0.05999999999999994
  },
  "f1": {
    "originals": 0.9702970297029703,
    "edits": 0.8761904761904762,
    "delta_edits_minus_originals": -0.09410655351249408
  },
  "ece": {
    "originals": 0.03299999999999998,
    "edits": 0.09600000000000002,
    "delta_edits_minus_originals": 0.06300000000000003
  },
  "brier": {
    "originals": 0.0279,
    "edits": 0.11934999999999998,
    "delta_edits_minus_originals": 0.09144999999999998
  },
  "accuracy_per_1k_tokens": {
    "originals": 0.034130893736805064,
    "edits": 0.0307322759546434,
    "delta_edits_minus_originals": -0.003398617782161665
  },
  "n_originals": 100,
  "n_edits": 100,
  "valid_rows_originals": 100,
  "valid_rows_edits": 100
}